{"cameraMode":{"drawMode":0,"name":"Shaded","section":"Shading Mode"},"sceneLighting":true,"audioPlay":false,"sceneViewState":{"m_AlwaysRefresh":false,"showFog":true,"showSkybox":true,"showFlares":true,"showImageEffects":true,"showParticleSystems":true,"showVisualEffectGraphs":true,"m_FxEnabled":true},"in2DMode":false,"pivot":{"x":7.033802032470703,"y":-10.097026824951172,"z":-2.8490257263183595},"rotation":{"x":-0.24754191935062409,"y":-0.38389483094215395,"z":0.10761494189500809,"w":-0.8830530047416687},"size":16.119661331176759,"orthographic":false}